"Day","dayofweek","Intensity","Name","Date time","Maximum Temperature","Minimum Temperature","Temperature","Wind Chill","Heat Index","Precipitation","Snow","Snow Depth","Wind Speed","Wind Direction","Wind Gust","Visibility","Cloud Cover","Relative Humidity","Conditions"
"10/01/2021",NA,NA,"410 Riverside Dr, New York, NY 10025, United States","10/01/2021",66.1,51.6,59.1,NA,NA,0,0,0,10.1,283.5,17.2,9.9,11,58.34,"Clear"
"10/02/2021",NA,NA,"410 Riverside Dr, New York, NY 10025, United States","10/02/2021",73.9,56.7,65.2,NA,NA,0,0,0,13.6,243.04,18.3,9.9,9.2,57.79,"Clear"
"10/03/2021",NA,NA,"410 Riverside Dr, New York, NY 10025, United States","10/03/2021",76.9,61.3,69.9,NA,NA,0,0,0,8.5,187.25,NA,9.7,33.7,64.57,"Partially cloudy"
"10/04/2021",NA,NA,"410 Riverside Dr, New York, NY 10025, United States","10/04/2021",73,62.8,68,NA,NA,0.17,0,0,15.2,69.96,20.8,6.9,95.8,87.64,"Rain, Overcast"
"10/05/2021",NA,NA,"410 Riverside Dr, New York, NY 10025, United States","10/05/2021",65,60.2,62.3,NA,NA,0,0,0,11,45.17,NA,9.7,100,82.26,"Overcast"
"10/06/2021",NA,NA,"410 Riverside Dr, New York, NY 10025, United States","10/06/2021",69.2,61.1,64.8,NA,NA,0,0,0,6,39.13,NA,9.9,95.9,77.21,"Overcast"
"10/07/2021",NA,NA,"410 Riverside Dr, New York, NY 10025, United States","10/07/2021",73.7,62.1,67,NA,NA,0,0,0,5.5,125.46,NA,9.5,53.4,78.35,"Partially cloudy"
"10/08/2021",NA,NA,"410 Riverside Dr, New York, NY 10025, United States","10/08/2021",74.2,62,67.7,NA,NA,0,0,0,8.7,175.04,NA,8.7,33,76.6,"Partially cloudy"
"10/09/2021",NA,NA,"410 Riverside Dr, New York, NY 10025, United States","10/09/2021",67.4,61,64.1,NA,NA,0,0,0,14.2,61.21,23,9.9,93.9,74.53,"Overcast"
"10/10/2021",NA,NA,"410 Riverside Dr, New York, NY 10025, United States","10/10/2021",66.2,61.5,63.2,NA,NA,0.12,0,0,14.1,58.92,23,8.4,99.5,85.29,"Rain, Overcast"
"10/11/2021",NA,NA,"410 Riverside Dr, New York, NY 10025, United States","10/11/2021",70.9,62.3,65.6,NA,NA,0,0,0,15,48.04,29.9,9.9,74.4,76.01,"Partially cloudy"
"10/12/2021",NA,NA,"410 Riverside Dr, New York, NY 10025, United States","10/12/2021",69.5,61.5,65,NA,NA,0,0,0,6.9,81.46,NA,9.9,73.7,79.11,"Partially cloudy"
"10/13/2021",NA,NA,"410 Riverside Dr, New York, NY 10025, United States","10/13/2021",69.2,62.4,66.2,NA,NA,0,0,0,5.1,180.88,NA,9.2,91.9,81.44,"Overcast"
"10/14/2021",NA,NA,"410 Riverside Dr, New York, NY 10025, United States","10/14/2021",76,62.9,68.9,NA,NA,0,0,0,8,260.54,NA,8.8,32.2,71.93,"Partially cloudy"
"10/15/2021",NA,NA,"410 Riverside Dr, New York, NY 10025, United States","10/15/2021",79,63.5,70.1,NA,NA,0,0,0,8.1,140.29,NA,9.9,16.8,69.99,"Clear"
"10/16/2021",NA,NA,"410 Riverside Dr, New York, NY 10025, United States","10/16/2021",75.3,58.4,69,NA,NA,0.24,0,0,12.7,200.42,31.1,9.4,57.3,73.26,"Rain, Partially cloudy"
"10/17/2021",NA,NA,"410 Riverside Dr, New York, NY 10025, United States","10/17/2021",61.8,53.1,56.6,NA,NA,0.01,0,0,11.8,284.5,25.5,9.9,33.8,67.45,"Rain, Partially cloudy"
"10/18/2021",NA,NA,"410 Riverside Dr, New York, NY 10025, United States","10/18/2021",58.2,49.3,53.1,46.4,NA,0,0,0,16.1,287.96,30.9,9.9,42.3,59.35,"Partially cloudy"
"10/19/2021",NA,NA,"410 Riverside Dr, New York, NY 10025, United States","10/19/2021",66.4,47.5,56.1,43.9,NA,0,0,0,13.9,264.42,27.7,9.9,8.6,54.92,"Clear"
"10/20/2021",NA,NA,"410 Riverside Dr, New York, NY 10025, United States","10/20/2021",75.1,57.6,65.9,NA,NA,0,0,0,11.8,281.33,21.9,9.9,9.4,49.89,"Clear"
"10/21/2021",NA,NA,"410 Riverside Dr, New York, NY 10025, United States","10/21/2021",74.1,59.6,66.6,NA,NA,0,0,0,9.5,216.42,21.9,9.9,9.9,57.25,"Clear"
"10/22/2021",NA,NA,"410 Riverside Dr, New York, NY 10025, United States","10/22/2021",68.4,58.2,64.3,NA,NA,0,0,0,10,282.75,32.2,9.9,45.7,62.06,"Partially cloudy"
"10/23/2021","Sat",2,"410 Riverside Dr, New York, NY 10025, United States","10/23/2021",58.5,49.3,54.8,47.3,NA,0.01,0,0,7,251.58,NA,9.8,85.7,62.9,"Rain, Overcast"
"10/24/2021","Sun",3,"410 Riverside Dr, New York, NY 10025, United States","10/24/2021",59.5,47.9,53.8,45.6,NA,0,0,0,7.2,227.67,19.7,9.9,47.9,65.53,"Partially cloudy"
"10/25/2021","Mon",3,"410 Riverside Dr, New York, NY 10025, United States","10/25/2021",72.5,55.4,64.8,NA,NA,0.13,0,0,7,151.96,NA,8.2,66.9,84.77,"Rain, Partially cloudy"
"10/26/2021","Tue",2,"410 Riverside Dr, New York, NY 10025, United States","10/26/2021",63.2,56.2,59.3,NA,NA,2.96,0,0,19.2,85.79,35.4,5.8,99.3,90.64,"Rain, Overcast"
"10/27/2021","Wed",2,"410 Riverside Dr, New York, NY 10025, United States","10/27/2021",60.5,54.4,57.3,NA,NA,0.42,0,0,17.4,168.88,29.5,9.5,98.9,71.07,"Rain, Overcast"
"10/28/2021","Thu",1,"410 Riverside Dr, New York, NY 10025, United States","10/28/2021",57.5,49,53.5,47.5,NA,0,0,0,9.4,119.17,NA,9.9,53,65.44,"Partially cloudy"
"10/29/2021","Fri",4,"410 Riverside Dr, New York, NY 10025, United States","10/29/2021",56,47.1,52.9,43.8,NA,0.36,0,0,17.4,74.13,33.6,9.3,92.5,70.91,"Rain, Overcast"
"10/30/2021","Sat",1,"410 Riverside Dr, New York, NY 10025, United States","10/30/2021",64.5,52.4,58.6,NA,NA,0.55,0,0,13.5,86.58,25.9,8,85.1,85.3,"Rain, Overcast"
"10/31/2021","Sun",1,"410 Riverside Dr, New York, NY 10025, United States","10/31/2021",63.4,55.4,58.9,NA,NA,0.05,0,0,10.7,243.83,21.9,8.4,82.8,78.67,"Rain, Overcast"
"11/01/2021","Mon",1,"410 Riverside Dr, New York, NY 10025, United States","11/01/2021",58.4,51.6,55.4,NA,NA,0,0,0,12.8,280.38,23,9.9,28.3,55.94,"Partially cloudy"
"11/02/2021","Tue",1,"410 Riverside Dr, New York, NY 10025, United States","11/02/2021",52.7,47.1,50.6,43.6,NA,0,0,0,10.7,229.46,17.2,9.9,77.5,55.92,"Overcast"
"11/03/2021","Wed",3,"410 Riverside Dr, New York, NY 10025, United States","11/03/2021",51.5,40.9,45.9,38.3,NA,0,0,0,11.1,318.71,20.8,9.9,13.9,56.16,"Clear"
"11/04/2021","Thu",2,"410 Riverside Dr, New York, NY 10025, United States","11/04/2021",50.2,39.2,44.8,35.7,NA,0,0,0,7.7,86.79,NA,9.9,12.9,50.75,"Clear"
"11/05/2021","Fri",1,"410 Riverside Dr, New York, NY 10025, United States","11/05/2021",50.9,39,45,35.7,NA,0,0,0,9.4,102.58,NA,9.9,3,52.91,"Clear"
"11/06/2021","Sat",3,"410 Riverside Dr, New York, NY 10025, United States","11/06/2021",52.4,40.6,46.1,38,NA,0,0,0,4.9,58.63,NA,9.9,4.6,52.51,"Clear"
"11/07/2021","Sun",3,"410 Riverside Dr, New York, NY 10025, United States","11/07/2021",53.3,40.6,47.1,38.4,NA,0,0,0,5.6,193.84,NA,9.6,11.6,57.63,"Clear"
"11/08/2021","Mon",2,"410 Riverside Dr, New York, NY 10025, United States","11/08/2021",63.5,45.9,54.4,44.6,NA,0,0,0,12.3,164.54,20.8,9.9,4.2,51.43,"Clear"
"11/09/2021","Tue",2,"410 Riverside Dr, New York, NY 10025, United States","11/09/2021",68.8,49.4,58.6,49.2,NA,0,0,0,6.9,214.04,NA,9.9,3.1,56.97,"Clear"
"11/10/2021","Wed",1,"410 Riverside Dr, New York, NY 10025, United States","11/10/2021",63.5,50.6,58.3,NA,NA,0,0,0,12.1,240.5,19.7,9.8,16.8,49.75,"Clear"
"11/11/2021","Thu",3,"410 Riverside Dr, New York, NY 10025, United States","11/11/2021",61.2,45.5,53.4,43.9,NA,0,0,0,9.9,99.79,21.9,9.9,49.9,61.32,"Partially cloudy"
"11/12/2021",NA,NA,"410 Riverside Dr, New York, NY 10025, United States","11/12/2021",65.4,52.3,61.1,NA,NA,0.47,0,0,15.6,204.33,33.8,8.4,58.9,73.08,"Rain, Partially cloudy"
"11/13/2021",NA,NA,"410 Riverside Dr, New York, NY 10025, United States","11/13/2021",62.4,41.4,50.2,35.9,NA,0.1,0,0,19.4,164,31.4,9.8,25.2,63.23,"Rain, Partially cloudy"
"11/14/2021",NA,NA,"410 Riverside Dr, New York, NY 10025, United States","11/14/2021",47.2,38.6,42.4,33.9,NA,0,0,0,14.3,255.13,26.4,9.9,17.2,62.53,"Clear"
